ts_utc,host,mount,pct_used
2024-11-14T00:00:00,web-01,/var/log,82.48720989099428
2024-11-14T01:00:00,web-01,/var/log,82.31292033621585
2024-11-14T02:00:00,web-01,/var/log,82.62202636798543
2024-11-14T03:00:00,web-01,/var/log,82.65778785083556
2024-11-14T04:00:00,web-01,/var/log,81.71640382439774
2024-11-14T05:00:00,web-01,/var/log,82.26687250978954
2024-11-14T06:00:00,web-01,/var/log,82.58272209232305
2024-11-14T07:00:00,web-01,/var/log,82.5833361884787
2024-11-14T08:00:00,web-01,/var/log,82.49135987021855
2024-11-14T09:00:00,web-01,/var/log,81.81939885946936
2024-11-14T10:00:00,web-01,/var/log,82.66609450774685
2024-11-14T11:00:00,web-01,/var/log,82.36831288415652
2024-11-14T12:00:00,web-01,/var/log,81.58573775634906
2024-11-14T13:00:00,web-01,/var/log,82.24182723260024
2024-11-14T14:00:00,web-01,/var/log,82.16711811327701
2024-11-14T15:00:00,web-01,/var/log,82.43492331846963
2024-11-14T16:00:00,web-01,/var/log,82.30116252562821
2024-11-14T17:00:00,web-01,/var/log,82.04423478169343
2024-11-14T18:00:00,web-01,/var/log,81.55648384411424
2024-11-14T19:00:00,web-01,/var/log,81.82095632891023
2024-11-14T20:00:00,web-01,/var/log,82.32912994490336
2024-11-14T21:00:00,web-01,/var/log,81.40262922494267
2024-11-14T22:00:00,web-01,/var/log,82.2257326792096
2024-11-14T23:00:00,web-01,/var/log,82.0181030592048
