shot_id,product_code,category,source_filename
001,TN2,tents,IMG_1001.JPG
002,TN2,tents,IMG_1002.JPG
003,TN2,tents,IMG_1003.png
004,RJ1,apparel,DSC_0042.JPG
005,RJ1,apparel,DSC_0043.JPG
006,RJ1,apparel,PXL_patch_logo.png
007,RJ1,apparel,DSC_0045.JPG
008,BP3,packs,IMG_1010.JPG
009,BP3,packs,IMG_1011.JPG
010,BP3,packs,IMG_1012.JPG
011,BP3,packs,patch_detail.png
012,BP3,packs,IMG_1013.JPG
013,LT1,camp,IMG_1020.JPG
014,LT1,camp,IMG_1021.jpg
015,LT1,camp,IMG_1022.png
016,LT1,camp,IMG 1023.JPG
017,LT1,camp,IMG_1024.JPG
